Precio,PrecioAntiguo,Descuento,Envio,Descripcion
$ 35.999,$ 43.999,18% OFF,Envío gratis,Samsung Galaxy A32 128 Gb Awesome Black 4 Gb Ram
$ 20.999,$ 24.999,16% OFF,Envío gratis,LG K41s 32 Gb Titanio 3 Gb Ram
$ 35.999,$ 43.999,18% OFF,Envío gratis,Samsung Galaxy A32 128 Gb Awesome White 4 Gb Ram
$ 42.999,$ 49.999,14% OFF,Envío gratis,Xiaomi Redmi Note 10 5g Dual Sim 128 Gb Gris Grafito 4 Gb Ram
$ 37.999,$ 41.999,9% OFF,Envío gratis,Samsung Galaxy A21s 128 Gb Negro 4 Gb Ram
$ 69.999,$ 81.999,14% OFF,Envío gratis,Samsung Galaxy S20 Fe 128 Gb Cloud Navy 6 Gb Ram
$ 10.499,$ 11.499,8% OFF,Envío gratis,Alcatel 1 16 Gb Negro Metálico 1 Gb Ram
$ 16.899,$ 22.999,26% OFF,Envío gratis,Tcl L10+ 32 Gb Power Gray 3 Gb Ram
$ 16.999,$ 19.999,15% OFF,Envío gratis,LG K22 32 Gb Titan 2 Gb Ram
$ 16.999,$ 19.999,15% OFF,Envío gratis,LG K22 32 Gb Blue 2 Gb Ram
$ 9.999,$ 10.999,9% OFF,Envío gratis,Celular Quantum Yolo 3g 1gb 32gb Negro
$ 69.999,$ 81.999,14% OFF,Envío gratis,Samsung Galaxy S20 Fe 128 Gb Cloud Mint 6 Gb Ram
$ 15.999,$ 19.999,20% OFF,Envío gratis,LG K22 32 Gb Red 2 Gb Ram
$ 59.999,$ 79.999,25% OFF,Envío gratis,LG Velvet 128 Gb Aurora Silver 6 Gb Ram
$ 24.999,$ 26.999,7% OFF,Envío gratis,LG K42
$ 42.999,$ 49.999,14% OFF,Envío gratis,Xiaomi Redmi Note 10 5g Dual Sim 128 Gb Azul Nocturno 4 Gb Ram
$ 15.999,$ 16.999,5% OFF,Envío gratis,Celular Alcatel 1v Plus 32gb 2gb Ram Huella Garantía Oficial
$ 13.199,$ 15.999,17% OFF,Envío gratis,Nokia 1.3 16 Gb Carbón 1 Gb Ram
$ 31.999,$ 37.999,15% OFF,Envío gratis,LG K61 128 Gb Azul 4 Gb Ram
$ 16.999,$ 19.999,15% OFF,Envío gratis,Tcl L10 Lite 32 Gb Power Grey 2 Gb Ram
$ 69.999,$ 81.999,14% OFF,Envío gratis,Samsung Galaxy S20 Fe 128 Gb Cloud Lavender 6 Gb Ram
$ 16.999,$ 19.999,15% OFF,Envío gratis,LG K22 32 Gb Blue 2 Gb Ram
$ 20.999,$ 22.999,8% OFF,Envío gratis,LG K22+ 64 Gb Titan 3 Gb Ram
$ 24.999,$ 26.999,7% OFF,Envío gratis,Celular Smartphone LG K42 Hd+ 3gb Ram 64gb 13 Mpx Quad Cam
$ 11.999,$ 13.499,11% OFF,Envío gratis,Quantum Up32 Dual Sim 32 Gb Negro 1 Gb Ram
$ 99.999,$ 120.999,17% OFF,Envío gratis,Samsung Galaxy Note20 256 Gb Gris Místico 8 Gb Ram
$ 69.999,$ 81.999,14% OFF,Envío gratis,Samsung Galaxy S20 Fe 128 Gb Cloud Red 6 Gb Ram
$ 7.999,$ 9.599,16% OFF,Envío gratis,Philco P241 Dual Sim 512 Mb Negro 256 Mb Ram
$ 71.999,$ 75.999,5% OFF,Envío gratis,Samsung Galaxy A72 128 Gb Awesome White 6 Gb Ram
$ 30.999,$ 38.799,20% OFF,Envío gratis,Celular Motorola Moto G20 64gb 4gb Ram 6.5 Pulpagas 
$ 29.999,$ 33.999,11% OFF,Envío gratis,Celular Tcl 20se
$ 27.699,$ 30.299,8% OFF,Envío gratis,Celular Tcl T Pro 6.2  4/128 Gb Gris A12
$ 16.499,$ 19.999,17% OFF,Envío gratis,Teléfono Celular Tcl L10 Lite Negro
$ 13.590,$ 15.990,15% OFF,Envío gratis,Tcl L7+ 32 Gb Negro 2 Gb Ram
$ 10.999,$ 12.999,15% OFF,Envío gratis,Celular Sky Elite B 4g Camara 5mp 16gb 1gb Ram Android Ct
$ 67.999,$ 71.999,5% OFF,Envío gratis,Samsung Galaxy S20+ 128 Gb Cosmic Gray 8 Gb Ram
$ 30.999,$ 32.999,6% OFF,Envío gratis,Samsung Galaxy A51 128 Gb Prism Crush Black 4 Gb Ram
$ 79.999,$ 85.659,6% OFF,Envío gratis,Samsung Galaxy S20 Ultra 128 Gb Cosmic Gray 12 Gb Ram
$ 18.59907,$ 19.999,7% OFF,Envío gratis,Celular Kodak Smartway L1 Pro 5.7  Silver
$ 14.14360,$ 14.888,5% OFF,Envío gratis,Smartphone Nokia 1.3 Android Go 16 Gb Ram 1 Gb Camara 8 Mpx
